parameter_sharing,run_id,base_run_id,conv_layer_count,filter_profile,kernel_profile,pooling_type,params,epoch,loss,sparse_categorical_accuracy,val_loss,val_sparse_categorical_accuracy
shared,shared_l2_f32-64_k3x3-3x3_max,shared_l2_f32-64_k3x3-3x3_max,2,32-64,3x3-3x3,max,7393094,1,0.9279904961585999,0.6488243937492371,0.8144093751907349,0.7074126601219177
shared,shared_l2_f32-64_k3x3-3x3_max,shared_l2_f32-64_k3x3-3x3_max,2,32-64,3x3-3x3,max,7393094,2,0.5596941113471985,0.7990737557411194,0.6490134000778198,0.7701354026794434
shared,shared_l2_f32-64_k3x3-3x3_max,shared_l2_f32-64_k3x3-3x3_max,2,32-64,3x3-3x3,max,7393094,3,0.35818013548851013,0.8723726272583008,0.7427607774734497,0.7594440579414368
shared,shared_l2_f32-64_k3x3-3x3_max,shared_l2_f32-64_k3x3-3x3_max,2,32-64,3x3-3x3,max,7393094,4,0.20279130339622498,0.9295511245727539,0.8475154042243958,0.7576621770858765
shared,shared_l2_f32-64_k3x3-3x3_max,shared_l2_f32-64_k3x3-3x3_max,2,32-64,3x3-3x3,max,7393094,5,0.10233548283576965,0.969451367855072,1.0486143827438354,0.7565929889678955
shared,shared_l2_f32-64_k3x3-3x3_max,shared_l2_f32-64_k3x3-3x3_max,2,32-64,3x3-3x3,max,7393094,6,0.07146811485290527,0.9792482852935791,1.0392544269561768,0.7687098979949951
shared,shared_l2_f32-64_k3x3-3x3_max,shared_l2_f32-64_k3x3-3x3_max,2,32-64,3x3-3x3,max,7393094,7,0.06219583377242088,0.9808514714241028,1.1511365175247192,0.7508909702301025
shared,shared_l2_f32-64_k3x3-3x3_max,shared_l2_f32-64_k3x3-3x3_max,2,32-64,3x3-3x3,max,7393094,8,0.04417574033141136,0.9875311851501465,1.2419465780258179,0.760513186454773
shared,shared_l2_f32-64_k3x3-3x3_max,shared_l2_f32-64_k3x3-3x3_max,2,32-64,3x3-3x3,max,7393094,9,0.027451597154140472,0.9931421279907227,1.4172285795211792,0.7804704308509827
shared,shared_l2_f32-64_k3x3-3x3_max,shared_l2_f32-64_k3x3-3x3_max,2,32-64,3x3-3x3,max,7393094,10,0.03921638801693916,0.9882436990737915,1.210893988609314,0.782252311706543
shared,shared_l2_f32-64_k3x3-3x3_max,shared_l2_f32-64_k3x3-3x3_max,2,32-64,3x3-3x3,max,7393094,11,0.04826600104570389,0.9858389496803284,1.6438933610916138,0.7220242619514465
shared,shared_l2_f32-64_k3x3-3x3_max,shared_l2_f32-64_k3x3-3x3_max,2,32-64,3x3-3x3,max,7393094,12,0.0447486937046051,0.9873530268669128,1.6810258626937866,0.7095509767532349
shared,shared_l2_f32-64_k3x3-3x3_max,shared_l2_f32-64_k3x3-3x3_max,2,32-64,3x3-3x3,max,7393094,13,0.03230753913521767,0.9902030825614929,1.3634607791900635,0.7697790265083313
shared,shared_l2_f32-64_k3x3-3x3_max,shared_l2_f32-64_k3x3-3x3_max,2,32-64,3x3-3x3,max,7393094,14,0.033784110099077225,0.9906483888626099,1.4209785461425781,0.7491090297698975
shared,shared_l2_f32-64_k3x3-3x3_max,shared_l2_f32-64_k3x3-3x3_max,2,32-64,3x3-3x3,max,7393094,15,0.0266193225979805,0.9933202862739563,1.570238709449768,0.7426941990852356
shared,shared_l2_f32-64_k3x3-3x3_max,shared_l2_f32-64_k3x3-3x3_max,2,32-64,3x3-3x3,max,7393094,16,0.03771611303091049,0.9885108470916748,1.6646783351898193,0.7551674842834473
shared,shared_l2_f32-64_k3x3-3x3_max,shared_l2_f32-64_k3x3-3x3_max,2,32-64,3x3-3x3,max,7393094,17,0.03138585761189461,0.9910046458244324,1.7249644994735718,0.7576621770858765
shared,shared_l2_f32-64_k3x3-3x3_max,shared_l2_f32-64_k3x3-3x3_max,2,32-64,3x3-3x3,max,7393094,18,0.019227035343647003,0.9944781064987183,1.5627262592315674,0.7662152647972107
shared,shared_l2_f32-64_k3x3-3x3_max,shared_l2_f32-64_k3x3-3x3_max,2,32-64,3x3-3x3,max,7393094,19,0.011826579459011555,0.9983078241348267,1.5342532396316528,0.7647897601127625
shared,shared_l2_f32-64_k3x3-3x3_max,shared_l2_f32-64_k3x3-3x3_max,2,32-64,3x3-3x3,max,7393094,20,0.005489715375006199,0.9991984367370605,1.5895211696624756,0.7854597568511963
nonshared,nonshared_l2_f32-64_k3x3-3x3_max,shared_l2_f32-64_k3x3-3x3_max,2,32-64,3x3-3x3,max,90422214,1,1.3478140830993652,0.47363734245300293,1.191619634628296,0.528510332107544
nonshared,nonshared_l2_f32-64_k3x3-3x3_max,shared_l2_f32-64_k3x3-3x3_max,2,32-64,3x3-3x3,max,90422214,2,1.1365787982940674,0.5639472603797913,1.1459914445877075,0.5595152974128723
nonshared,nonshared_l2_f32-64_k3x3-3x3_max,shared_l2_f32-64_k3x3-3x3_max,2,32-64,3x3-3x3,max,90422214,3,1.0647149085998535,0.5953865051269531,1.0799287557601929,0.5947968363761902
nonshared,nonshared_l2_f32-64_k3x3-3x3_max,shared_l2_f32-64_k3x3-3x3_max,2,32-64,3x3-3x3,max,90422214,4,0.9798912405967712,0.6293195486068726,0.9812161326408386,0.6300783753395081
nonshared,nonshared_l2_f32-64_k3x3-3x3_max,shared_l2_f32-64_k3x3-3x3_max,2,32-64,3x3-3x3,max,90422214,5,0.9045760035514832,0.6589775681495667,0.9434576630592346,0.6436207890510559
nonshared,nonshared_l2_f32-64_k3x3-3x3_max,shared_l2_f32-64_k3x3-3x3_max,2,32-64,3x3-3x3,max,90422214,6,0.8459470868110657,0.6792839169502258,0.9234087467193604,0.6550249457359314
nonshared,nonshared_l2_f32-64_k3x3-3x3_max,shared_l2_f32-64_k3x3-3x3_max,2,32-64,3x3-3x3,max,90422214,7,0.7804344892501831,0.707784116268158,0.9248592257499695,0.6571632027626038
nonshared,nonshared_l2_f32-64_k3x3-3x3_max,shared_l2_f32-64_k3x3-3x3_max,2,32-64,3x3-3x3,max,90422214,8,0.7385462522506714,0.7238154411315918,0.905163049697876,0.6732003092765808
nonshared,nonshared_l2_f32-64_k3x3-3x3_max,shared_l2_f32-64_k3x3-3x3_max,2,32-64,3x3-3x3,max,90422214,9,0.6951495409011841,0.7418952584266663,0.8870340585708618,0.6749821901321411
nonshared,nonshared_l2_f32-64_k3x3-3x3_max,shared_l2_f32-64_k3x3-3x3_max,2,32-64,3x3-3x3,max,90422214,10,0.6442083716392517,0.7606875896453857,0.9030900001525879,0.6767640709877014
nonshared,nonshared_l2_f32-64_k3x3-3x3_max,shared_l2_f32-64_k3x3-3x3_max,2,32-64,3x3-3x3,max,90422214,11,0.6024525761604309,0.7692376375198364,0.9647191762924194,0.6717747449874878
nonshared,nonshared_l2_f32-64_k3x3-3x3_max,shared_l2_f32-64_k3x3-3x3_max,2,32-64,3x3-3x3,max,90422214,12,0.5557518005371094,0.7935518622398376,0.9930915236473083,0.6578759551048279
