run_id,conv_layer_count,filter_profile,kernel_profile,pooling_type,params,epoch,loss,sparse_categorical_accuracy,val_loss,val_sparse_categorical_accuracy
shared_l2_f32-64_k3x3-3x3_max,2,32-64,3x3-3x3,max,7393094,1,0.9279904961585999,0.6488243937492371,0.8144093751907349,0.7074126601219177
shared_l2_f32-64_k3x3-3x3_max,2,32-64,3x3-3x3,max,7393094,2,0.5596941113471985,0.7990737557411194,0.6490134000778198,0.7701354026794434
shared_l2_f32-64_k3x3-3x3_max,2,32-64,3x3-3x3,max,7393094,3,0.35818013548851013,0.8723726272583008,0.7427607774734497,0.7594440579414368
shared_l2_f32-64_k3x3-3x3_max,2,32-64,3x3-3x3,max,7393094,4,0.20279130339622498,0.9295511245727539,0.8475154042243958,0.7576621770858765
shared_l2_f32-64_k3x3-3x3_max,2,32-64,3x3-3x3,max,7393094,5,0.10233548283576965,0.969451367855072,1.0486143827438354,0.7565929889678955
shared_l2_f32-64_k3x3-3x3_max,2,32-64,3x3-3x3,max,7393094,6,0.07146811485290527,0.9792482852935791,1.0392544269561768,0.7687098979949951
shared_l2_f32-64_k3x3-3x3_max,2,32-64,3x3-3x3,max,7393094,7,0.06219583377242088,0.9808514714241028,1.1511365175247192,0.7508909702301025
shared_l2_f32-64_k3x3-3x3_max,2,32-64,3x3-3x3,max,7393094,8,0.04417574033141136,0.9875311851501465,1.2419465780258179,0.760513186454773
shared_l2_f32-64_k3x3-3x3_max,2,32-64,3x3-3x3,max,7393094,9,0.027451597154140472,0.9931421279907227,1.4172285795211792,0.7804704308509827
shared_l2_f32-64_k3x3-3x3_max,2,32-64,3x3-3x3,max,7393094,10,0.03921638801693916,0.9882436990737915,1.210893988609314,0.782252311706543
shared_l2_f32-64_k3x3-3x3_max,2,32-64,3x3-3x3,max,7393094,11,0.04826600104570389,0.9858389496803284,1.6438933610916138,0.7220242619514465
shared_l2_f32-64_k3x3-3x3_max,2,32-64,3x3-3x3,max,7393094,12,0.0447486937046051,0.9873530268669128,1.6810258626937866,0.7095509767532349
shared_l2_f32-64_k3x3-3x3_max,2,32-64,3x3-3x3,max,7393094,13,0.03230753913521767,0.9902030825614929,1.3634607791900635,0.7697790265083313
shared_l2_f32-64_k3x3-3x3_max,2,32-64,3x3-3x3,max,7393094,14,0.033784110099077225,0.9906483888626099,1.4209785461425781,0.7491090297698975
shared_l2_f32-64_k3x3-3x3_max,2,32-64,3x3-3x3,max,7393094,15,0.0266193225979805,0.9933202862739563,1.570238709449768,0.7426941990852356
shared_l2_f32-64_k3x3-3x3_max,2,32-64,3x3-3x3,max,7393094,16,0.03771611303091049,0.9885108470916748,1.6646783351898193,0.7551674842834473
shared_l2_f32-64_k3x3-3x3_max,2,32-64,3x3-3x3,max,7393094,17,0.03138585761189461,0.9910046458244324,1.7249644994735718,0.7576621770858765
shared_l2_f32-64_k3x3-3x3_max,2,32-64,3x3-3x3,max,7393094,18,0.019227035343647003,0.9944781064987183,1.5627262592315674,0.7662152647972107
shared_l2_f32-64_k3x3-3x3_max,2,32-64,3x3-3x3,max,7393094,19,0.011826579459011555,0.9983078241348267,1.5342532396316528,0.7647897601127625
shared_l2_f32-64_k3x3-3x3_max,2,32-64,3x3-3x3,max,7393094,20,0.005489715375006199,0.9991984367370605,1.5895211696624756,0.7854597568511963
shared_l2_f16-32_k3x3-3x3_max,2,16-32,3x3-3x3,max,3692390,1,0.9809797406196594,0.6306555271148682,0.8265518546104431,0.7027797698974609
shared_l2_f16-32_k3x3-3x3_max,2,16-32,3x3-3x3,max,3692390,2,0.6363373398780823,0.7697719931602478,0.6355366706848145,0.7726300954818726
shared_l2_f16-32_k3x3-3x3_max,2,16-32,3x3-3x3,max,3692390,3,0.461706280708313,0.8380833864212036,0.6556435823440552,0.7687098979949951
shared_l2_f16-32_k3x3-3x3_max,2,16-32,3x3-3x3,max,3692390,4,0.3031005263328552,0.8951727747917175,0.6845790147781372,0.7647897601127625
shared_l2_f16-32_k3x3-3x3_max,2,16-32,3x3-3x3,max,3692390,5,0.17817261815071106,0.9439793229103088,0.7593924403190613,0.7672843933105469
shared_l2_f16-32_k3x3-3x3_max,2,16-32,3x3-3x3,max,3692390,6,0.10677003860473633,0.9682044982910156,0.8849704265594482,0.7519600987434387
shared_l2_f16-32_k3x3-3x3_max,2,16-32,3x3-3x3,max,3692390,7,0.07801902294158936,0.9779123663902283,1.12152099609375,0.7580185532569885
shared_l2_f16-32_k3x3-3x3_max,2,16-32,3x3-3x3,max,3692390,8,0.07569526135921478,0.9790701866149902,1.093872308731079,0.7726300954818726
shared_l2_f16-32_k3x3-3x3_max,2,16-32,3x3-3x3,max,3692390,9,0.030917637050151825,0.9932312369346619,1.0747371912002563,0.7847469449043274
shared_l2_f16-32_k3x3-3x3_max,2,16-32,3x3-3x3,max,3692390,10,0.03246224671602249,0.9926968216896057,1.1578840017318726,0.7722737193107605
shared_l2_f16-32_k3x3-3x3_max,2,16-32,3x3-3x3,max,3692390,11,0.045958008617162704,0.9880655407905579,1.2669888734817505,0.7419814467430115
shared_l2_f16-32_k3x3-3x3_max,2,16-32,3x3-3x3,max,3692390,12,0.04862899333238602,0.9861061573028564,1.338340163230896,0.7384176850318909
shared_l2_f16-32_k3x3-3x3_max,2,16-32,3x3-3x3,max,3692390,13,0.02788451500236988,0.9931421279907227,1.377686858177185,0.7512473464012146
shared_l2_f16-32_k3x3-3x3_max,2,16-32,3x3-3x3,max,3692390,14,0.034377675503492355,0.9906483888626099,1.3813581466674805,0.7476835250854492
shared_l2_f16-32_k3x3-3x3_max,2,16-32,3x3-3x3,max,3692390,15,0.021211687475442886,0.9957249760627747,1.3826154470443726,0.7726300954818726
shared_l2_f16-32_k3x3-3x3_max,2,16-32,3x3-3x3,max,3692390,16,0.011632764711976051,0.9987531304359436,1.3637490272521973,0.7797576785087585
shared_l2_f16-32_k3x3-3x3_max,2,16-32,3x3-3x3,max,3692390,17,0.015622647479176521,0.9968827962875366,1.5085679292678833,0.7487526535987854
shared_l2_f16-32_k3x3-3x3_max,2,16-32,3x3-3x3,max,3692390,18,0.04130496084690094,0.9868186712265015,1.5394926071166992,0.7448325157165527
shared_l2_f16-32_k3x3-3x3_max,2,16-32,3x3-3x3,max,3692390,19,0.02221624180674553,0.9938546419143677,1.6569545269012451,0.746614396572113
shared_l2_f16-32_k3x3-3x3_max,2,16-32,3x3-3x3,max,3692390,20,0.015356632880866528,0.9959921836853027,1.5234442949295044,0.7658588886260986
shared_l2_f32-64_k3x3-3x3_average,2,32-64,3x3-3x3,average,7393094,1,0.9603566527366638,0.6358211636543274,0.845897912979126,0.7027797698974609
shared_l2_f32-64_k3x3-3x3_average,2,32-64,3x3-3x3,average,7393094,2,0.6575024127960205,0.7596188187599182,0.7250083684921265,0.7508909702301025
shared_l2_f32-64_k3x3-3x3_average,2,32-64,3x3-3x3,average,7393094,3,0.47618210315704346,0.8224973082542419,0.8015948534011841,0.7234497666358948
shared_l2_f32-64_k3x3-3x3_average,2,32-64,3x3-3x3,average,7393094,4,0.3077756464481354,0.8916993141174316,0.7813404202461243,0.7565929889678955
shared_l2_f32-64_k3x3-3x3_average,2,32-64,3x3-3x3,average,7393094,5,0.19574245810508728,0.9344496130943298,0.9071074724197388,0.7487526535987854
shared_l2_f32-64_k3x3-3x3_average,2,32-64,3x3-3x3,average,7393094,6,0.11370151489973068,0.9631279110908508,1.0307108163833618,0.7598004341125488
shared_l2_f32-64_k3x3-3x3_average,2,32-64,3x3-3x3,average,7393094,7,0.09875401109457016,0.9683825969696045,1.212924599647522,0.7348538637161255
shared_l2_f32-64_k3x3-3x3_average,2,32-64,3x3-3x3,average,7393094,8,0.08320314437150955,0.9751514196395874,1.2363648414611816,0.7526728510856628
shared_l2_f32-64_k3x3-3x3_average,2,32-64,3x3-3x3,average,7393094,9,0.057020507752895355,0.9825436472892761,1.3195304870605469,0.7523164749145508
shared_l2_f32-64_k3x3-3x3_average,2,32-64,3x3-3x3,average,7393094,10,0.05363663285970688,0.9846811294555664,1.3729314804077148,0.7491090297698975
shared_l2_f32-64_k3x3-3x3_average,2,32-64,3x3-3x3,average,7393094,11,0.04862772673368454,0.9851264953613281,1.4439804553985596,0.739486813545227
shared_l2_f32-64_k3x3-3x3_average,2,32-64,3x3-3x3,average,7393094,12,0.03201685845851898,0.9916280508041382,1.5954487323760986,0.7373485565185547
shared_l2_f32-64_k3x3-3x3_average,2,32-64,3x3-3x3,average,7393094,13,0.028531696647405624,0.9918062090873718,1.8319851160049438,0.7309337258338928
shared_l2_f32-64_k3x3-3x3_average,2,32-64,3x3-3x3,average,7393094,14,0.04784790799021721,0.9865514636039734,1.4794800281524658,0.7555238604545593
shared_l2_f32-64_k3x3-3x3_average,2,32-64,3x3-3x3,average,7393094,15,0.03406421095132828,0.9904702305793762,1.7376313209533691,0.7416250705718994
shared_l2_f32-64_k3x3-3x3_average,2,32-64,3x3-3x3,average,7393094,16,0.03806908428668976,0.9887780547142029,1.9832667112350464,0.7312901020050049
shared_l2_f32-64_k3x3-3x3_average,2,32-64,3x3-3x3,average,7393094,17,0.024774586781859398,0.9943890571594238,1.9900814294815063,0.7419814467430115
shared_l2_f32-64_k3x3-3x3_average,2,32-64,3x3-3x3,average,7393094,18,0.014675110578536987,0.997417151927948,1.948116421699524,0.7312901020050049
shared_l2_f32-64_k3x3-3x3_average,2,32-64,3x3-3x3,average,7393094,19,0.06549452245235443,0.9810295701026917,1.6715079545974731,0.7430506348609924
shared_l2_f32-64_k3x3-3x3_average,2,32-64,3x3-3x3,average,7393094,20,0.02116391994059086,0.9945671558380127,1.822985053062439,0.753385603427887
shared_l2_f16-32_k3x3-3x3_average,2,16-32,3x3-3x3,average,3692390,1,1.0192562341690063,0.6123085021972656,0.9138539433479309,0.6414825320243835
shared_l2_f16-32_k3x3-3x3_average,2,16-32,3x3-3x3,average,3692390,2,0.7342369556427002,0.7295154929161072,0.7333793044090271,0.7316464781761169
shared_l2_f16-32_k3x3-3x3_average,2,16-32,3x3-3x3,average,3692390,3,0.5849977731704712,0.7894549369812012,0.758204996585846,0.7369921803474426
shared_l2_f16-32_k3x3-3x3_average,2,16-32,3x3-3x3,average,3692390,4,0.4427429437637329,0.8388849496841431,0.7071640491485596,0.7530292272567749
shared_l2_f16-32_k3x3-3x3_average,2,16-32,3x3-3x3,average,3692390,5,0.31535372138023376,0.8917883634567261,0.7035462856292725,0.7712045907974243
shared_l2_f16-32_k3x3-3x3_average,2,16-32,3x3-3x3,average,3692390,6,0.21466799080371857,0.927947998046875,0.7826792597770691,0.7565929889678955
shared_l2_f16-32_k3x3-3x3_average,2,16-32,3x3-3x3,average,3692390,7,0.15826928615570068,0.9495012760162354,0.9062923789024353,0.7558802366256714
shared_l2_f16-32_k3x3-3x3_average,2,16-32,3x3-3x3,average,3692390,8,0.09366443008184433,0.9710544943809509,1.0463171005249023,0.7598004341125488
shared_l2_f16-32_k3x3-3x3_average,2,16-32,3x3-3x3,average,3692390,9,0.07571838051080704,0.9765763878822327,1.0866978168487549,0.7562366127967834
shared_l2_f16-32_k3x3-3x3_average,2,16-32,3x3-3x3,average,3692390,10,0.05107232555747032,0.9859280586242676,1.1507012844085693,0.7505345940589905
shared_l2_f16-32_k3x3-3x3_average,2,16-32,3x3-3x3,average,3692390,11,0.04002790153026581,0.9899358749389648,1.3798553943634033,0.7434070110321045
shared_l2_f16-32_k3x3-3x3_average,2,16-32,3x3-3x3,average,3692390,12,0.05241774022579193,0.984592080116272,1.2209864854812622,0.7544547319412231
shared_l2_f16-32_k3x3-3x3_average,2,16-32,3x3-3x3,average,3692390,13,0.06688710302114487,0.9791592359542847,1.6619913578033447,0.7202423214912415
shared_l2_f16-32_k3x3-3x3_average,2,16-32,3x3-3x3,average,3692390,14,0.0436733141541481,0.9865514636039734,1.398457646369934,0.7551674842834473
shared_l2_f16-32_k3x3-3x3_average,2,16-32,3x3-3x3,average,3692390,15,0.02325095422565937,0.9940328001976013,1.6316547393798828,0.7565929889678955
shared_l2_f16-32_k3x3-3x3_average,2,16-32,3x3-3x3,average,3692390,16,0.029177669435739517,0.9927858710289001,1.71598219871521,0.7348538637161255
shared_l2_f16-32_k3x3-3x3_average,2,16-32,3x3-3x3,average,3692390,17,0.024753686040639877,0.9929640293121338,1.5151281356811523,0.7473271489143372
shared_l2_f16-32_k3x3-3x3_average,2,16-32,3x3-3x3,average,3692390,18,0.034831684082746506,0.9900249242782593,1.684763789176941,0.7401995658874512
shared_l2_f16-32_k3x3-3x3_average,2,16-32,3x3-3x3,average,3692390,19,0.033394426107406616,0.9900249242782593,1.6331350803375244,0.7491090297698975
shared_l2_f16-32_k3x3-3x3_average,2,16-32,3x3-3x3,average,3692390,20,0.02325437031686306,0.9929640293121338,1.6375035047531128,0.7544547319412231
shared_l2_f16-32_k5x5-3x3_max,2,16-32,5x5-3x3,max,3693158,1,0.9961797595024109,0.6164944767951965,0.8659642934799194,0.6835352778434753
shared_l2_f16-32_k5x5-3x3_max,2,16-32,5x5-3x3,max,3693158,2,0.6789994239807129,0.7491093873977661,0.725316047668457,0.7426941990852356
shared_l2_f16-32_k5x5-3x3_max,2,16-32,5x5-3x3,max,3693158,3,0.49779337644577026,0.8191129565238953,0.7714902758598328,0.7330719828605652
shared_l2_f16-32_k5x5-3x3_max,2,16-32,5x5-3x3,max,3693158,4,0.3137226402759552,0.8893836736679077,0.7870641350746155,0.7501782178878784
shared_l2_f16-32_k5x5-3x3_max,2,16-32,5x5-3x3,max,3693158,5,0.17754454910755157,0.9420199394226074,0.9109218120574951,0.7487526535987854
shared_l2_f16-32_k5x5-3x3_max,2,16-32,5x5-3x3,max,3693158,6,0.10683634132146835,0.9684717059135437,0.96640545129776,0.7512473464012146
shared_l2_f16-32_k5x5-3x3_max,2,16-32,5x5-3x3,max,3693158,7,0.07217773795127869,0.9790701866149902,1.1704802513122559,0.7159658074378967
shared_l2_f16-32_k5x5-3x3_max,2,16-32,5x5-3x3,max,3693158,8,0.0591246597468853,0.9837905168533325,1.2028247117996216,0.7555238604545593
shared_l2_f16-32_k5x5-3x3_max,2,16-32,5x5-3x3,max,3693158,9,0.046237844973802567,0.9879764914512634,1.2549254894256592,0.753741979598999
shared_l2_f16-32_k5x5-3x3_max,2,16-32,5x5-3x3,max,3693158,10,0.0496743880212307,0.9857499003410339,1.3715585470199585,0.7562366127967834
shared_l2_f16-32_k5x5-3x3_max,2,16-32,5x5-3x3,max,3693158,11,0.04011905938386917,0.9882436990737915,1.425233244895935,0.7455452680587769
shared_l2_f16-32_k5x5-3x3_max,2,16-32,5x5-3x3,max,3693158,12,0.04619912430644035,0.9872639775276184,1.6200062036514282,0.7305773496627808
shared_l2_f16-32_k5x5-3x3_max,2,16-32,5x5-3x3,max,3693158,13,0.028763344511389732,0.9918062090873718,1.5589442253112793,0.7426941990852356
shared_l2_f16-32_k5x5-3x3_max,2,16-32,5x5-3x3,max,3693158,14,0.024931613355875015,0.9946562051773071,1.5538856983184814,0.7430506348609924
shared_l2_f16-32_k5x5-3x3_max,2,16-32,5x5-3x3,max,3693158,15,0.023851752281188965,0.9954577684402466,1.8967779874801636,0.7291518449783325
shared_l2_f16-32_k5x5-3x3_max,2,16-32,5x5-3x3,max,3693158,16,0.03165161982178688,0.9916280508041382,1.8555736541748047,0.7312901020050049
shared_l2_f16-32_k5x5-3x3_max,2,16-32,5x5-3x3,max,3693158,17,0.03556577116250992,0.9881545901298523,1.9944571256637573,0.7195295691490173
shared_l2_f16-32_k5x5-3x3_max,2,16-32,5x5-3x3,max,3693158,18,0.02181267738342285,0.9951015114784241,1.8628326654434204,0.7159658074378967
shared_l2_f16-32_k5x5-3x3_max,2,16-32,5x5-3x3,max,3693158,19,0.035000063478946686,0.9911827445030212,2.116626024246216,0.7134711146354675
shared_l2_f16-32_k5x5-3x3_max,2,16-32,5x5-3x3,max,3693158,20,0.018144803121685982,0.9953687191009521,1.8506144285202026,0.746614396572113
shared_l2_f32-64_k5x5-3x3_average,2,32-64,5x5-3x3,average,7394630,1,1.0329099893569946,0.6042928099632263,0.8759447932243347,0.6796151399612427
shared_l2_f32-64_k5x5-3x3_average,2,32-64,5x5-3x3,average,7394630,2,0.7467840909957886,0.7255076766014099,0.7870336174964905,0.7152530550956726
shared_l2_f32-64_k5x5-3x3_average,2,32-64,5x5-3x3,average,7394630,3,0.5586546659469604,0.7984502911567688,0.7970568537712097,0.7266571521759033
shared_l2_f32-64_k5x5-3x3_average,2,32-64,5x5-3x3,average,7394630,4,0.38699808716773987,0.8610616326332092,0.811311662197113,0.7401995658874512
shared_l2_f32-64_k5x5-3x3_average,2,32-64,5x5-3x3,average,7394630,5,0.24583712220191956,0.9187744855880737,0.958694577217102,0.7348538637161255
shared_l2_f32-64_k5x5-3x3_average,2,32-64,5x5-3x3,average,7394630,6,0.14990171790122986,0.9516387581825256,1.0456061363220215,0.7476835250854492
shared_l2_f32-64_k5x5-3x3_average,2,32-64,5x5-3x3,average,7394630,7,0.09785803407430649,0.9679372906684875,1.2289478778839111,0.7437633872032166
shared_l2_f32-64_k5x5-3x3_average,2,32-64,5x5-3x3,average,7394630,8,0.09294173866510391,0.9712326526641846,1.3128920793533325,0.7380613088607788
shared_l2_f32-64_k5x5-3x3_average,2,32-64,5x5-3x3,average,7394630,9,0.05091128870844841,0.9843248724937439,1.3467068672180176,0.7480399012565613
shared_l2_f32-64_k5x5-3x3_average,2,32-64,5x5-3x3,average,7394630,10,0.05598510056734085,0.9835233092308044,1.539703607559204,0.7384176850318909
shared_l2_f32-64_k5x5-3x3_average,2,32-64,5x5-3x3,average,7394630,11,0.05133659392595291,0.9856608510017395,1.7672045230865479,0.7266571521759033
shared_l2_f32-64_k5x5-3x3_average,2,32-64,5x5-3x3,average,7394630,12,0.04860086739063263,0.9861952066421509,1.6659001111984253,0.7434070110321045
shared_l2_f32-64_k5x5-3x3_average,2,32-64,5x5-3x3,average,7394630,13,0.0592365525662899,0.9807623624801636,1.8396109342575073,0.717747688293457
shared_l2_f32-64_k5x5-3x3_average,2,32-64,5x5-3x3,average,7394630,14,0.038251057267189026,0.9895796179771423,1.7451634407043457,0.7448325157165527
shared_l2_f32-64_k5x5-3x3_average,2,32-64,5x5-3x3,average,7394630,15,0.033316195011138916,0.9906483888626099,1.848529577255249,0.7401995658874512
shared_l2_f32-64_k5x5-3x3_average,2,32-64,5x5-3x3,average,7394630,16,0.021880943328142166,0.995546817779541,1.810046911239624,0.7423378229141235
shared_l2_f32-64_k5x5-3x3_average,2,32-64,5x5-3x3,average,7394630,17,0.016415545716881752,0.9961702823638916,2.1174681186676025,0.7362794280052185
shared_l2_f32-64_k5x5-3x3_average,2,32-64,5x5-3x3,average,7394630,18,0.02254551835358143,0.9940328001976013,2.046377182006836,0.7277262806892395
shared_l2_f32-64_k5x5-3x3_average,2,32-64,5x5-3x3,average,7394630,19,0.03798670694231987,0.9886890053749084,2.2500646114349365,0.7081254720687866
shared_l2_f32-64_k5x5-3x3_average,2,32-64,5x5-3x3,average,7394630,20,0.04578637331724167,0.9852155447006226,2.0011708736419678,0.7259443998336792
shared_l2_f32-64_k5x5-3x3_max,2,32-64,5x5-3x3,max,7394630,1,1.0467584133148193,0.5994834303855896,0.8933084011077881,0.6749821901321411
shared_l2_f32-64_k5x5-3x3_max,2,32-64,5x5-3x3,max,7394630,2,0.7221797108650208,0.7370858788490295,0.7300845384597778,0.7312901020050049
shared_l2_f32-64_k5x5-3x3_max,2,32-64,5x5-3x3,max,7394630,3,0.5207314491271973,0.8127894401550293,0.7389069199562073,0.7455452680587769
shared_l2_f32-64_k5x5-3x3_max,2,32-64,5x5-3x3,max,7394630,4,0.33151161670684814,0.8858211636543274,0.787177324295044,0.7565929889678955
shared_l2_f32-64_k5x5-3x3_max,2,32-64,5x5-3x3,max,7394630,5,0.19456757605075836,0.9348949193954468,0.9475679993629456,0.7483962774276733
shared_l2_f32-64_k5x5-3x3_max,2,32-64,5x5-3x3,max,7394630,6,0.1182330921292305,0.9617028832435608,1.0845929384231567,0.7159658074378967
shared_l2_f32-64_k5x5-3x3_max,2,32-64,5x5-3x3,max,7394630,7,0.08878957480192184,0.9716779589653015,1.2338916063308716,0.7412686944007874
shared_l2_f32-64_k5x5-3x3_max,2,32-64,5x5-3x3,max,7394630,8,0.07688533514738083,0.9771998524665833,1.322144627571106,0.7416250705718994
shared_l2_f32-64_k5x5-3x3_max,2,32-64,5x5-3x3,max,7394630,9,0.05483298376202583,0.9848592877388,1.4030635356903076,0.7505345940589905
shared_l2_f32-64_k5x5-3x3_max,2,32-64,5x5-3x3,max,7394630,10,0.042558036744594574,0.9866405129432678,1.4555360078811646,0.7469707727432251
shared_l2_f32-64_k5x5-3x3_max,2,32-64,5x5-3x3,max,7394630,11,0.04444194585084915,0.9884217977523804,1.9162108898162842,0.7088382244110107
shared_l2_f32-64_k5x5-3x3_max,2,32-64,5x5-3x3,max,7394630,12,0.036846160888671875,0.9902921319007874,1.8170595169067383,0.7316464781761169
shared_l2_f32-64_k5x5-3x3_max,2,32-64,5x5-3x3,max,7394630,13,0.042381491512060165,0.987442135810852,1.706781029701233,0.7426941990852356
shared_l2_f32-64_k5x5-3x3_max,2,32-64,5x5-3x3,max,7394630,14,0.027225753292441368,0.9933202862739563,1.7777347564697266,0.7448325157165527
shared_l2_f32-64_k5x5-3x3_max,2,32-64,5x5-3x3,max,7394630,15,0.015370801091194153,0.9964374899864197,1.8748706579208374,0.7341411113739014
shared_l2_f32-64_k5x5-3x3_max,2,32-64,5x5-3x3,max,7394630,16,0.03364647924900055,0.9902030825614929,2.008816957473755,0.7198859453201294
shared_l2_f32-64_k5x5-3x3_max,2,32-64,5x5-3x3,max,7394630,17,0.04302726686000824,0.9873530268669128,2.135841131210327,0.7287954092025757
shared_l2_f32-64_k5x5-3x3_max,2,32-64,5x5-3x3,max,7394630,18,0.04354410618543625,0.9866405129432678,2.262587308883667,0.7216678261756897
shared_l2_f32-64_k5x5-3x3_max,2,32-64,5x5-3x3,max,7394630,19,0.028368953615427017,0.9926968216896057,2.296602249145508,0.7369921803474426
shared_l2_f32-64_k5x5-3x3_max,2,32-64,5x5-3x3,max,7394630,20,0.01434849388897419,0.9963484406471252,2.2222771644592285,0.7270135283470154
shared_l2_f16-32_k5x5-3x3_average,2,16-32,5x5-3x3,average,3693158,1,1.0367155075073242,0.5989490747451782,0.847888708114624,0.6831789016723633
shared_l2_f16-32_k5x5-3x3_average,2,16-32,5x5-3x3,average,3693158,2,0.7557455897331238,0.7193623185157776,0.7783871293067932,0.7156094312667847
shared_l2_f16-32_k5x5-3x3_average,2,16-32,5x5-3x3,average,3693158,3,0.5978101491928101,0.7847346067428589,0.7130878567695618,0.7590876817703247
shared_l2_f16-32_k5x5-3x3_average,2,16-32,5x5-3x3,average,3693158,4,0.423238605260849,0.8461881279945374,0.8504557609558105,0.7109764814376831
shared_l2_f16-32_k5x5-3x3_average,2,16-32,5x5-3x3,average,3693158,5,0.29219120740890503,0.8977556228637695,0.8814375400543213,0.7423378229141235
shared_l2_f16-32_k5x5-3x3_average,2,16-32,5x5-3x3,average,3693158,6,0.18897326290607452,0.9353402256965637,0.9568912386894226,0.7523164749145508
shared_l2_f16-32_k5x5-3x3_average,2,16-32,5x5-3x3,average,3693158,7,0.12243003398180008,0.9597434997558594,1.1356133222579956,0.7359230518341064
shared_l2_f16-32_k5x5-3x3_average,2,16-32,5x5-3x3,average,3693158,8,0.1000220775604248,0.9678482413291931,1.1466926336288452,0.7387740612030029
shared_l2_f16-32_k5x5-3x3_average,2,16-32,5x5-3x3,average,3693158,9,0.08093146979808807,0.9757748246192932,1.4200804233551025,0.7056307792663574
shared_l2_f16-32_k5x5-3x3_average,2,16-32,5x5-3x3,average,3693158,10,0.0655713602900505,0.9823654890060425,1.3217600584030151,0.7334283590316772
shared_l2_f16-32_k5x5-3x3_average,2,16-32,5x5-3x3,average,3693158,11,0.0361553393304348,0.9911827445030212,1.4972617626190186,0.732002854347229
shared_l2_f16-32_k5x5-3x3_average,2,16-32,5x5-3x3,average,3693158,12,0.03189798817038536,0.9926077723503113,1.6048957109451294,0.7369921803474426
shared_l2_f16-32_k5x5-3x3_average,2,16-32,5x5-3x3,average,3693158,13,0.056884247809648514,0.9820983409881592,1.443982720375061,0.7238061428070068
shared_l2_f16-32_k5x5-3x3_average,2,16-32,5x5-3x3,average,3693158,14,0.06185312569141388,0.9823654890060425,1.685722827911377,0.7387740612030029
shared_l2_f16-32_k5x5-3x3_average,2,16-32,5x5-3x3,average,3693158,15,0.044846825301647186,0.9877983331680298,1.5547722578048706,0.7380613088607788
shared_l2_f16-32_k5x5-3x3_average,2,16-32,5x5-3x3,average,3693158,16,0.028237532824277878,0.9930530786514282,1.801262378692627,0.7191731929779053
shared_l2_f16-32_k5x5-3x3_average,2,16-32,5x5-3x3,average,3693158,17,0.04558669403195381,0.9858389496803284,1.8156170845031738,0.7266571521759033
shared_l2_f16-32_k5x5-3x3_average,2,16-32,5x5-3x3,average,3693158,18,0.030568750575184822,0.9914499521255493,2.0895094871520996,0.7017106413841248
shared_l2_f16-32_k5x5-3x3_average,2,16-32,5x5-3x3,average,3693158,19,0.020555980503559113,0.9951906204223633,2.038085699081421,0.7227370142936707
shared_l2_f16-32_k5x5-3x3_average,2,16-32,5x5-3x3,average,3693158,20,0.04862196370959282,0.9861952066421509,1.9714680910110474,0.7124019861221313
shared_l1_f32_k3x3_max,1,32,3x3,max,16258822,1,1.0798643827438354,0.6197007298469543,0.8839778900146484,0.6703492403030396
shared_l1_f32_k3x3_max,1,32,3x3,max,16258822,2,0.621947705745697,0.7776986360549927,0.7880452275276184,0.7166785597801208
shared_l1_f32_k3x3_max,1,32,3x3,max,16258822,3,0.3810245394706726,0.8703241944313049,0.8961808681488037,0.710620105266571
shared_l1_f32_k3x3_max,1,32,3x3,max,16258822,4,0.21737758815288544,0.9315105080604553,1.054453730583191,0.7116892337799072
shared_l1_f32_k3x3_max,1,32,3x3,max,16258822,5,0.12969855964183807,0.9623263478279114,1.013952612876892,0.7273699045181274
shared_l1_f32_k3x3_max,1,32,3x3,max,16258822,6,0.08385049551725388,0.9791592359542847,1.0566433668136597,0.7263007760047913
shared_l1_f32_k3x3_max,1,32,3x3,max,16258822,7,0.04596292972564697,0.9899358749389648,1.2354003190994263,0.7159658074378967
shared_l1_f32_k3x3_max,1,32,3x3,max,16258822,8,0.0700802132487297,0.982721745967865,1.396493911743164,0.7052744030952454
shared_l1_f32_k3x3_max,1,32,3x3,max,16258822,9,0.05336710065603256,0.984592080116272,1.5239284038543701,0.6756949424743652
shared_l1_f32_k3x3_max,1,32,3x3,max,16258822,10,0.045388881117105484,0.9882436990737915,1.5969874858856201,0.6963649392127991
shared_l1_f32_k3x3_max,1,32,3x3,max,16258822,11,0.0418885163962841,0.989757776260376,1.6787880659103394,0.6985031962394714
shared_l1_f32_k3x3_max,1,32,3x3,max,16258822,12,0.06133639067411423,0.9828108549118042,1.6786268949508667,0.6981468200683594
shared_l1_f32_k3x3_max,1,32,3x3,max,16258822,13,0.044503651559352875,0.987442135810852,1.9146311283111572,0.6974340677261353
shared_l1_f32_k3x3_max,1,32,3x3,max,16258822,14,0.06912779062986374,0.9812076687812805,1.9902437925338745,0.6842480301856995
shared_l1_f32_k3x3_max,1,32,3x3,max,16258822,15,0.03005019575357437,0.9928749799728394,2.070805788040161,0.7063435316085815
shared_l1_f32_k3x3_max,1,32,3x3,max,16258822,16,0.01613738387823105,0.9972390532493591,2.121084451675415,0.6949394345283508
shared_l1_f32_k3x3_max,1,32,3x3,max,16258822,17,0.009525500237941742,0.9987531304359436,2.0051355361938477,0.7263007760047913
shared_l1_f32_k3x3_max,1,32,3x3,max,16258822,18,0.027841495350003242,0.9934983849525452,2.3621134757995605,0.6514611840248108
shared_l1_f32_k3x3_max,1,32,3x3,max,16258822,19,0.05698578059673309,0.9833452105522156,2.070352077484131,0.7017106413841248
shared_l1_f32_k3x3_max,1,32,3x3,max,16258822,20,0.02849694900214672,0.9921624660491943,2.4945931434631348,0.6853171586990356
shared_l1_f16_k3x3_average,1,16,3x3,average,8129862,1,1.0374234914779663,0.615871012210846,0.9912837743759155,0.6389878988265991
shared_l1_f16_k3x3_average,1,16,3x3,average,8129862,2,0.6854466199874878,0.7535625100135803,0.7951639294624329,0.7213114500045776
shared_l1_f16_k3x3_average,1,16,3x3,average,8129862,3,0.45151063799858093,0.8455646634101868,0.9057331085205078,0.6796151399612427
shared_l1_f16_k3x3_average,1,16,3x3,average,8129862,4,0.24900484085083008,0.9225151538848877,0.9693374633789062,0.7002850770950317
shared_l1_f16_k3x3_average,1,16,3x3,average,8129862,5,0.15870916843414307,0.9512825012207031,1.1201400756835938,0.703136146068573
shared_l1_f16_k3x3_average,1,16,3x3,average,8129862,6,0.0958593413233757,0.9759529829025269,1.3876757621765137,0.643977165222168
shared_l1_f16_k3x3_average,1,16,3x3,average,8129862,7,0.06765393912792206,0.9830780029296875,1.4258087873458862,0.6821097731590271
shared_l1_f16_k3x3_average,1,16,3x3,average,8129862,8,0.0448964461684227,0.9901139736175537,1.5125614404678345,0.6860299110412598
shared_l1_f16_k3x3_average,1,16,3x3,average,8129862,9,0.03111455962061882,0.9940328001976013,1.4927502870559692,0.688524603843689
shared_l1_f16_k3x3_average,1,16,3x3,average,8129862,10,0.035184260457754135,0.9926077723503113,1.6079167127609253,0.6760513186454773
shared_l1_f16_k3x3_average,1,16,3x3,average,8129862,11,0.043404631316661835,0.9880655407905579,1.7128852605819702,0.6760513186454773
shared_l1_f16_k3x3_average,1,16,3x3,average,8129862,12,0.07930637896060944,0.9776451587677002,1.8570584058761597,0.6767640709877014
shared_l1_f16_k3x3_average,1,16,3x3,average,8129862,13,0.045444801449775696,0.988599956035614,1.7778297662734985,0.6970776915550232
shared_l1_f16_k3x3_average,1,16,3x3,average,8129862,14,0.03228946402668953,0.9910936951637268,1.9086413383483887,0.6952958106994629
shared_l1_f16_k3x3_average,1,16,3x3,average,8129862,15,0.02079768478870392,0.9956359267234802,2.2840473651885986,0.6789023280143738
shared_l1_f16_k3x3_average,1,16,3x3,average,8129862,16,0.05478169023990631,0.9848592877388,1.997924566268921,0.6764076948165894
shared_l1_f16_k3x3_average,1,16,3x3,average,8129862,17,0.056339114904403687,0.9826326966285706,2.2967441082000732,0.6593015193939209
shared_l1_f16_k3x3_average,1,16,3x3,average,8129862,18,0.06753909587860107,0.9828999042510986,2.209815263748169,0.6535994410514832
shared_l1_f16_k3x3_average,1,16,3x3,average,8129862,19,0.023016273975372314,0.9942108988761902,2.09213924407959,0.6521739363670349
shared_l1_f16_k3x3_average,1,16,3x3,average,8129862,20,0.03109111450612545,0.9934093356132507,2.3229899406433105,0.6653599143028259
shared_l1_f16_k3x3_max,1,16,3x3,max,8129862,1,1.019745945930481,0.6203241944313049,0.9472177028656006,0.6607270240783691
shared_l1_f16_k3x3_max,1,16,3x3,max,8129862,2,0.622405469417572,0.774937629699707,0.8205082416534424,0.7156094312667847
shared_l1_f16_k3x3_max,1,16,3x3,max,8129862,3,0.36526694893836975,0.8764695525169373,0.8999413847923279,0.7006414532661438
shared_l1_f16_k3x3_max,1,16,3x3,max,8129862,4,0.1902599334716797,0.9443355798721313,0.9498539566993713,0.724518895149231
shared_l1_f16_k3x3_max,1,16,3x3,max,8129862,5,0.09856396913528442,0.9753295183181763,1.124426245689392,0.7170349359512329
shared_l1_f16_k3x3_max,1,16,3x3,max,8129862,6,0.060757867991924286,0.9858389496803284,1.366468906402588,0.6707056164741516
shared_l1_f16_k3x3_max,1,16,3x3,max,8129862,7,0.06419643014669418,0.9825436472892761,1.3650732040405273,0.6985031962394714
shared_l1_f16_k3x3_max,1,16,3x3,max,8129862,8,0.035159915685653687,0.9925187230110168,1.3937723636627197,0.7131147384643555
shared_l1_f16_k3x3_max,1,16,3x3,max,8129862,9,0.04704780876636505,0.9881545901298523,1.6180596351623535,0.6732003092765808
shared_l1_f16_k3x3_max,1,16,3x3,max,8129862,10,0.06786948442459106,0.9820092916488647,1.686826229095459,0.6514611840248108
shared_l1_f16_k3x3_max,1,16,3x3,max,8129862,11,0.050426069647073746,0.9866405129432678,1.8526954650878906,0.7045616507530212
shared_l1_f16_k3x3_max,1,16,3x3,max,8129862,12,0.029973670840263367,0.9922515153884888,1.9546308517456055,0.7002850770950317
shared_l1_f16_k3x3_max,1,16,3x3,max,8129862,13,0.02818882092833519,0.9926077723503113,1.9519695043563843,0.6464718580245972
shared_l1_f16_k3x3_max,1,16,3x3,max,8129862,14,0.08087223768234253,0.9763982892036438,1.9288527965545654,0.6842480301856995
shared_l1_f16_k3x3_max,1,16,3x3,max,8129862,15,0.025770651176571846,0.9932312369346619,1.9567633867263794,0.6831789016723633
shared_l1_f16_k3x3_max,1,16,3x3,max,8129862,16,0.02179795503616333,0.9950124621391296,2.1750335693359375,0.6895937323570251
shared_l1_f16_k3x3_max,1,16,3x3,max,8129862,17,0.012088166549801826,0.9975062608718872,2.2687816619873047,0.7042052745819092
shared_l1_f16_k3x3_max,1,16,3x3,max,8129862,18,0.011875948868691921,0.9979515671730042,2.245178699493408,0.6607270240783691
shared_l1_f16_k3x3_max,1,16,3x3,max,8129862,19,0.021801969036459923,0.9938546419143677,2.219038724899292,0.6557376980781555
shared_l1_f16_k3x3_max,1,16,3x3,max,8129862,20,0.06952299177646637,0.9800498485565186,2.501293897628784,0.6682109832763672
shared_l1_f32_k5x5_max,1,32,5x5,max,15748358,1,1.1654616594314575,0.58933025598526,0.9909936785697937,0.6290092468261719
shared_l1_f32_k5x5_max,1,32,5x5,max,15748358,2,0.7234849333763123,0.732721745967865,0.8684502243995667,0.6828225255012512
shared_l1_f32_k5x5_max,1,32,5x5,max,15748358,3,0.4849856495857239,0.8292661309242249,0.9787461757659912,0.6764076948165894
shared_l1_f32_k5x5_max,1,32,5x5,max,15748358,4,0.2848442792892456,0.9040790796279907,1.1370984315872192,0.6856735348701477
shared_l1_f32_k5x5_max,1,32,5x5,max,15748358,5,0.1641949713230133,0.9470965266227722,1.2616766691207886,0.6917319893836975
shared_l1_f32_k5x5_max,1,32,5x5,max,15748358,6,0.11266130954027176,0.9657106995582581,1.4335813522338867,0.6860299110412598
shared_l1_f32_k5x5_max,1,32,5x5,max,15748358,7,0.10561826080083847,0.9690060615539551,1.6361188888549805,0.6603706479072571
shared_l1_f32_k5x5_max,1,32,5x5,max,15748358,8,0.07640667259693146,0.9792482852935791,1.870469093322754,0.659657895565033
shared_l1_f32_k5x5_max,1,32,5x5,max,15748358,9,0.05744655057787895,0.9846811294555664,1.8534289598464966,0.6607270240783691
shared_l1_f32_k5x5_max,1,32,5x5,max,15748358,10,0.06655602902173996,0.9801389575004578,1.931908130645752,0.6315039396286011
shared_l1_f32_k5x5_max,1,32,5x5,max,15748358,11,0.06333097070455551,0.9820092916488647,2.3608479499816895,0.6329294443130493
shared_l1_f32_k5x5_max,1,32,5x5,max,15748358,12,0.08314414322376251,0.9789811372756958,2.655226945877075,0.6258018612861633
shared_l1_f32_k5x5_max,1,32,5x5,max,15748358,13,0.04856292903423309,0.9850373864173889,2.3612220287323,0.6778331995010376
shared_l1_f32_k5x5_max,1,32,5x5,max,15748358,14,0.03488314151763916,0.9910936951637268,2.5794966220855713,0.6607270240783691
shared_l1_f32_k5x5_max,1,32,5x5,max,15748358,15,0.053881675004959106,0.9852155447006226,2.8598546981811523,0.6411261558532715
shared_l1_f32_k5x5_max,1,32,5x5,max,15748358,16,0.06311550736427307,0.9828108549118042,2.9055910110473633,0.6560940742492676
shared_l1_f32_k5x5_max,1,32,5x5,max,15748358,17,0.03857860714197159,0.9887780547142029,2.6858999729156494,0.6732003092765808
shared_l1_f32_k5x5_max,1,32,5x5,max,15748358,18,0.030607987195253372,0.9921624660491943,2.8855209350585938,0.6646471619606018
shared_l1_f32_k5x5_max,1,32,5x5,max,15748358,19,0.01659100502729416,0.996704638004303,2.8706085681915283,0.6707056164741516
shared_l1_f32_k5x5_max,1,32,5x5,max,15748358,20,0.016497891396284103,0.996971845626831,2.9632136821746826,0.6518175601959229
shared_l1_f32_k5x5_average,1,32,5x5,average,15748358,1,1.1783093214035034,0.5892412066459656,0.9579992890357971,0.6482537388801575
shared_l1_f32_k5x5_average,1,32,5x5,average,15748358,2,0.7937202453613281,0.7063590884208679,0.9101071953773499,0.6550249457359314
shared_l1_f32_k5x5_average,1,32,5x5,average,15748358,3,0.5630811452865601,0.7992518544197083,0.9540411829948425,0.6881682276725769
shared_l1_f32_k5x5_average,1,32,5x5,average,15748358,4,0.33503639698028564,0.8872461915016174,1.0410411357879639,0.6899501085281372
shared_l1_f32_k5x5_average,1,32,5x5,average,15748358,5,0.20821870863437653,0.9308870434761047,1.142188549041748,0.7009978890419006
shared_l1_f32_k5x5_average,1,32,5x5,average,15748358,6,0.14202500879764557,0.9564481377601624,1.3643790483474731,0.6514611840248108
shared_l1_f32_k5x5_average,1,32,5x5,average,15748358,7,0.10708959400653839,0.9683825969696045,1.539717674255371,0.6810406446456909
shared_l1_f32_k5x5_average,1,32,5x5,average,15748358,8,0.08308039605617523,0.9767545461654663,1.6608208417892456,0.6735566854476929
shared_l1_f32_k5x5_average,1,32,5x5,average,15748358,9,0.07026232779026031,0.9812076687812805,1.7880374193191528,0.6696364879608154
shared_l1_f32_k5x5_average,1,32,5x5,average,15748358,10,0.051472775638103485,0.9862843155860901,1.9970113039016724,0.6642907857894897
shared_l1_f32_k5x5_average,1,32,5x5,average,15748358,11,0.07058935612440109,0.9793373942375183,2.1300785541534424,0.6557376980781555
shared_l1_f32_k5x5_average,1,32,5x5,average,15748358,12,0.058002300560474396,0.984592080116272,2.062164783477783,0.6707056164741516
shared_l1_f32_k5x5_average,1,32,5x5,average,15748358,13,0.03540453314781189,0.9910936951637268,2.1664822101593018,0.6835352778434753
shared_l1_f32_k5x5_average,1,32,5x5,average,15748358,14,0.05671864375472069,0.9840577244758606,2.64211106300354,0.6279401183128357
shared_l1_f32_k5x5_average,1,32,5x5,average,15748358,15,0.052769120782613754,0.9839686751365662,2.584568500518799,0.6450463533401489
shared_l1_f32_k5x5_average,1,32,5x5,average,15748358,16,0.11333754658699036,0.9674919843673706,2.6145360469818115,0.6789023280143738
shared_l1_f32_k5x5_average,1,32,5x5,average,15748358,17,0.06127795949578285,0.9819201827049255,2.522014617919922,0.645759105682373
shared_l1_f32_k5x5_average,1,32,5x5,average,15748358,18,0.05402437597513199,0.9856608510017395,2.682149648666382,0.6642907857894897
shared_l1_f32_k5x5_average,1,32,5x5,average,15748358,19,0.03970511257648468,0.9885108470916748,2.68615460395813,0.6728439331054688
shared_l1_f32_k5x5_average,1,32,5x5,average,15748358,20,0.018658991903066635,0.9957249760627747,2.85962176322937,0.6489664912223816
shared_l1_f16_k5x5_max,1,16,5x5,max,7874630,1,1.1080635786056519,0.5814927220344543,0.9715672731399536,0.6411261558532715
shared_l1_f16_k5x5_max,1,16,5x5,max,7874630,2,0.7181814908981323,0.7376202344894409,0.8661278486251831,0.6792587041854858
shared_l1_f16_k5x5_max,1,16,5x5,max,7874630,3,0.48941728472709656,0.8249020576477051,1.0031895637512207,0.6756949424743652
shared_l1_f16_k5x5_max,1,16,5x5,max,7874630,4,0.30291131138801575,0.8994477987289429,1.08303701877594,0.6849607825279236
shared_l1_f16_k5x5_max,1,16,5x5,max,7874630,5,0.17462988197803497,0.9451371431350708,1.311001181602478,0.6789023280143738
shared_l1_f16_k5x5_max,1,16,5x5,max,7874630,6,0.12678682804107666,0.9623263478279114,1.386806845664978,0.6739130616188049
shared_l1_f16_k5x5_max,1,16,5x5,max,7874630,7,0.11019168794155121,0.968026340007782,1.5183786153793335,0.6678546071052551
shared_l1_f16_k5x5_max,1,16,5x5,max,7874630,8,0.07311820983886719,0.9810295701026917,1.8031822443008423,0.6678546071052551
shared_l1_f16_k5x5_max,1,16,5x5,max,7874630,9,0.07621355354785919,0.9775561094284058,1.8171420097351074,0.6568068265914917
shared_l1_f16_k5x5_max,1,16,5x5,max,7874630,10,0.06280013173818588,0.9820983409881592,1.9011937379837036,0.6699928641319275
shared_l1_f16_k5x5_max,1,16,5x5,max,7874630,11,0.05346668139100075,0.9863733649253845,2.273169755935669,0.6461154818534851
shared_l1_f16_k5x5_max,1,16,5x5,max,7874630,12,0.07264735549688339,0.9801389575004578,2.2193031311035156,0.636849582195282
shared_l1_f16_k5x5_max,1,16,5x5,max,7874630,13,0.06348457932472229,0.9820983409881592,2.110055685043335,0.6642907857894897
shared_l1_f16_k5x5_max,1,16,5x5,max,7874630,14,0.033177535980939865,0.9932312369346619,2.597432851791382,0.6468282341957092
shared_l1_f16_k5x5_max,1,16,5x5,max,7874630,15,0.04156973585486412,0.9900249242782593,2.415790557861328,0.6589451432228088
shared_l1_f16_k5x5_max,1,16,5x5,max,7874630,16,0.05487610772252083,0.9850373864173889,2.442005157470703,0.6553813219070435
shared_l1_f16_k5x5_max,1,16,5x5,max,7874630,17,0.06024453043937683,0.982721745967865,3.091822862625122,0.6290092468261719
shared_l1_f16_k5x5_max,1,16,5x5,max,7874630,18,0.042517900466918945,0.9894905686378479,2.6313812732696533,0.652886688709259
shared_l1_f16_k5x5_max,1,16,5x5,max,7874630,19,0.03844126686453819,0.9900249242782593,2.584162473678589,0.64433354139328
shared_l1_f16_k5x5_max,1,16,5x5,max,7874630,20,0.04464157298207283,0.9873530268669128,2.938920259475708,0.6325730681419373
shared_l1_f16_k5x5_average,1,16,5x5,average,7874630,1,1.0722578763961792,0.5910224318504333,0.9245514869689941,0.6732003092765808
shared_l1_f16_k5x5_average,1,16,5x5,average,7874630,2,0.7417524456977844,0.7285358309745789,0.9140666127204895,0.6724874973297119
shared_l1_f16_k5x5_average,1,16,5x5,average,7874630,3,0.5341358780860901,0.8091378808021545,1.0576506853103638,0.643977165222168
shared_l1_f16_k5x5_average,1,16,5x5,average,7874630,4,0.34108391404151917,0.8832383155822754,1.0422934293746948,0.6856735348701477
shared_l1_f16_k5x5_average,1,16,5x5,average,7874630,5,0.1939857453107834,0.9376558661460876,1.237023115158081,0.6710619926452637
shared_l1_f16_k5x5_average,1,16,5x5,average,7874630,6,0.13707035779953003,0.9597434997558594,1.3927744626998901,0.6432644128799438
shared_l1_f16_k5x5_average,1,16,5x5,average,7874630,7,0.09979289025068283,0.9704310894012451,1.4595669507980347,0.6728439331054688
shared_l1_f16_k5x5_average,1,16,5x5,average,7874630,8,0.07154665887355804,0.981563925743103,1.6716248989105225,0.6607270240783691
shared_l1_f16_k5x5_average,1,16,5x5,average,7874630,9,0.048855576664209366,0.9877983331680298,1.8836804628372192,0.6560940742492676
shared_l1_f16_k5x5_average,1,16,5x5,average,7874630,10,0.06861292570829391,0.9809405207633972,1.8656203746795654,0.6607270240783691
shared_l1_f16_k5x5_average,1,16,5x5,average,7874630,11,0.069578155875206,0.9788920283317566,2.0102779865264893,0.6101211905479431
shared_l1_f16_k5x5_average,1,16,5x5,average,7874630,12,0.0666431188583374,0.9804952144622803,2.1063618659973145,0.6614397764205933
shared_l1_f16_k5x5_average,1,16,5x5,average,7874630,13,0.07304523140192032,0.9779123663902283,2.1745920181274414,0.6553813219070435
shared_l1_f16_k5x5_average,1,16,5x5,average,7874630,14,0.043682754039764404,0.9892233610153198,2.3114709854125977,0.6625089049339294
shared_l1_f16_k5x5_average,1,16,5x5,average,7874630,15,0.032184991985559464,0.9914499521255493,2.366023063659668,0.6657163500785828
shared_l1_f16_k5x5_average,1,16,5x5,average,7874630,16,0.04261752590537071,0.9882436990737915,2.460437297821045,0.660014271736145
shared_l1_f16_k5x5_average,1,16,5x5,average,7874630,17,0.048852697014808655,0.9858389496803284,2.566258668899536,0.6603706479072571
shared_l1_f16_k5x5_average,1,16,5x5,average,7874630,18,0.02900749072432518,0.9923405647277832,2.5782876014709473,0.6532430648803711
shared_l1_f16_k5x5_average,1,16,5x5,average,7874630,19,0.045660700649023056,0.9881545901298523,2.6311635971069336,0.6446899771690369
shared_l1_f16_k5x5_average,1,16,5x5,average,7874630,20,0.03291156888008118,0.9920734167098999,3.038858652114868,0.622238039970398
shared_l1_f32_k3x3_average,1,32,3x3,average,16258822,1,1.0341148376464844,0.6172069907188416,0.9914757609367371,0.6582323312759399
shared_l1_f32_k3x3_average,1,32,3x3,average,16258822,2,0.628799557685852,0.7748485803604126,0.817175030708313,0.7156094312667847
shared_l1_f32_k3x3_average,1,32,3x3,average,16258822,3,0.37796568870544434,0.8702351450920105,0.968982994556427,0.6799715161323547
shared_l1_f32_k3x3_average,1,32,3x3,average,16258822,4,0.22471879422664642,0.9267011284828186,1.0310498476028442,0.7020670175552368
shared_l1_f32_k3x3_average,1,32,3x3,average,16258822,5,0.12687137722969055,0.9644638299942017,1.1591449975967407,0.7066999077796936
shared_l1_f32_k3x3_average,1,32,3x3,average,16258822,6,0.09249050915241241,0.9737263917922974,1.2356592416763306,0.7184604406356812
shared_l1_f32_k3x3_average,1,32,3x3,average,16258822,7,0.09993602335453033,0.9699857234954834,1.4800504446029663,0.6945830583572388
shared_l1_f32_k3x3_average,1,32,3x3,average,16258822,8,0.06608177721500397,0.9807623624801636,1.4291929006576538,0.6931574940681458
shared_l1_f32_k3x3_average,1,32,3x3,average,16258822,9,0.039523784071207047,0.9913609027862549,1.4852288961410522,0.7148966789245605
shared_l1_f32_k3x3_average,1,32,3x3,average,16258822,10,0.04994308203458786,0.9857499003410339,1.576079249382019,0.6895937323570251
shared_l1_f32_k3x3_average,1,32,3x3,average,16258822,11,0.03960920497775078,0.9898468255996704,1.7323367595672607,0.681397020816803
shared_l1_f32_k3x3_average,1,32,3x3,average,16258822,12,0.04164041578769684,0.9894905686378479,2.155557155609131,0.6625089049339294
shared_l1_f32_k3x3_average,1,32,3x3,average,16258822,13,0.05409624055027962,0.9850373864173889,1.8359322547912598,0.652886688709259
shared_l1_f32_k3x3_average,1,32,3x3,average,16258822,14,0.05040781572461128,0.987174928188324,1.9313623905181885,0.6781895756721497
shared_l1_f32_k3x3_average,1,32,3x3,average,16258822,15,0.03727575019001961,0.9921624660491943,2.146005868911743,0.6735566854476929
shared_l1_f32_k3x3_average,1,32,3x3,average,16258822,16,0.021163802593946457,0.9953687191009521,2.3655495643615723,0.681397020816803
shared_l1_f32_k3x3_average,1,32,3x3,average,16258822,17,0.03310912102460861,0.9903811812400818,2.197687864303589,0.6732003092765808
shared_l1_f32_k3x3_average,1,32,3x3,average,16258822,18,0.030943676829338074,0.9915390014648438,2.51692271232605,0.652530312538147
shared_l1_f32_k3x3_average,1,32,3x3,average,16258822,19,0.04290270432829857,0.9884217977523804,2.214522123336792,0.6810406446456909
shared_l1_f32_k3x3_average,1,32,3x3,average,16258822,20,0.03156641125679016,0.9917171597480774,3.0864856243133545,0.586600124835968
